Continent_Name,capacity_mw
Africa,155480.598
Antarctica,7.6
Asia,2939519.284
Europe,881114.79026
North America,1430915.11
Oceania,73250.846
South America,271601.71899699996
