Continent_Name,capacity_mw
Africa,160532.79799999998
Antarctica,7.6
Asia,2940987.284
Europe,1140829.2402599999
North America,1430915.1099999985
Oceania,73250.84599999999
South America,271601.71899700013
